n_documents_in_typesense,timing_insert,timing_search,n_search_result
100,0.2761578570025449,0.007551919999968959,0
200,0.3059661600018444,0.008908120998967206,0
300,0.28987519099973724,0.006832797000242863,0
400,0.29368959800194716,0.006807483001466608,0
500,0.2849307899996347,0.007009895001829136,0
600,0.279315106003196,0.006901648001075955,0
700,0.30849937699895236,0.00721164599963231,0
800,0.31020599299881724,0.007324928999878466,0
900,0.3282980120020511,0.007453654001437826,0
1000,0.31562627099992824,0.007586288997117663,0
1100,0.33210998399954406,0.007487552997190505,0
1200,0.3190891929989448,0.007209012997918762,0
1300,0.3018485749998945,0.007480907999706687,0
1400,0.3448881670010451,0.007021771001745947,0
1500,0.29732600600254955,0.00742582000020775,0
1600,0.33616024799994193,0.007015229999524308,0
1700,0.3509499550018518,0.007705492000241065,0
1800,0.32590753700060304,0.00711808100095368,0
1900,0.3211554849985987,0.007749109998258064,0
2000,0.32446853399960673,0.007198694001999684,0
2100,0.317092474000674,0.007015045997832203,0
2200,0.33470646000205306,0.007177095998486038,0
2300,0.3288165359990671,0.007281845002580667,0
2400,0.328406938999251,0.007115305998013355,0
2500,0.3286220369991497,0.007319611999264453,0
2600,0.3209364709982765,0.007287568998435745,0
2700,0.3161035470002389,0.007086644000082742,0
2800,0.3257868510008848,0.008461389999865787,0
2900,0.35351583400188247,0.0070459599992318545,0
3000,0.32370148900008644,0.00721883099686238,0
3100,0.3184998729993822,0.0074036939986399375,0
3200,0.348176894000062,0.00732196800163365,0
3300,0.361449645999528,0.0073332309984834865,0
3400,0.3404112749994965,0.007228595997730736,0
3500,0.33507963300144183,0.007085714001732413,0
3600,0.3753399039997021,0.00842050099890912,0
3700,0.3808793459975277,0.007891893001215067,0
3800,0.36546503600038704,0.007363510998402489,0
3900,0.34802383799979,0.007861283000238473,0
4000,0.3672528509996482,0.007715919997281162,0
4100,0.35978860999966855,0.00806628999998793,0
4200,0.3457381340012944,0.007233890999486903,0
4300,0.3654135270007828,0.007791270003508544,0
4400,0.36153540200029965,0.007191785000031814,0
4500,0.33821727099712007,0.00742734700179426,0
4600,0.3711693410004955,0.007736650000879308,0
4700,0.34248105799997575,0.007573186998342862,0
4800,0.3745554170018295,0.00773605900030816,0
4900,0.3562919139985752,0.00727281400031643,0
5000,0.34732204899773933,0.0074438829979044385,0
5100,0.3538119349977933,0.007723376002104487,0
5200,0.3636565929991775,0.008215056001063203,0
5300,0.35295297500124434,0.007615886999701615,0
5400,0.3603291360013827,0.007262830997206038,0
5500,0.35450305699851015,0.007225245000881841,0
5600,0.3847102479994646,0.007918505001725862,0
5700,0.3603521679979167,0.0076393300005292986,0
5800,0.35415483500037226,0.0076268679986242205,0
5900,0.35727621399928466,0.00819812999907299,0
6000,0.3814429209996888,0.007841311999072786,0
6100,0.3688292860024376,0.007295377999980701,0
6200,0.37546030199882807,0.007365958001173567,0
6300,0.37393030900057056,0.007719203000306152,0
6400,0.37241729199740803,0.0078059200022835284,0
6500,0.3616423500025121,0.007139123001252301,0
6600,0.3554996940001729,0.007278310000401689,0
6700,0.3807894010024029,0.007228798000141978,0
6800,0.3635830919993168,0.007679924998228671,0
6900,0.36632263000137755,0.007667387999390485,0
7000,0.3832033280014002,0.007253566000144929,0
7100,0.3941113729997596,0.007375981000222964,0
7200,0.407805187998747,0.00814867600274738,0
7300,0.40328772499924526,0.007519163998949807,0
7400,0.38670571299735457,0.007645490997674642,0
7500,0.395640185000957,0.007392028001049766,0
7600,0.36548722500083386,0.007393520001642173,0
7700,0.354107433999161,0.00732233499729773,0
7800,0.36634943399985787,0.007292201000382192,0
7900,0.4173979320003127,0.007268233999639051,0
8000,0.3734661550006422,0.007158510001318064,0
8100,0.3703382839994447,0.0077295480004977435,0
8200,0.4118914840000798,0.008540262002497911,0
8300,0.4185922129981918,0.007500726998841856,0
8400,0.4031038540015288,0.00751593499808223,0
8500,0.3910734870005399,0.0075816740027221385,0
8600,0.4176969209984236,0.008204040001146495,0
8700,0.41241908200026955,0.008219876999646658,0
8800,0.39960983299897634,0.0075783270003739744,0
8900,0.395723633999296,0.007876771000155713,0
9000,0.4232565099991916,0.007517666999774519,0
9100,0.4020783429987205,0.007404118001431925,0
9200,0.3876623430005566,0.007997223998245317,0
9300,0.39726990000053775,0.007186939001257997,0
9400,0.4446568319981452,0.007803286000125809,0
9500,0.3998347989981994,0.007520592997025233,0
9600,0.37853821700264234,0.007266337001055945,0
9700,0.3880969060010102,0.007101952000084566,0
9800,0.40071046000230126,0.0073292269989906345,0
9900,0.3868797450013517,0.007201178999821423,0
10000,0.3849661569984164,0.0073997950021293946,0
10100,0.381103751999035,0.007497180999052944,0
10200,0.41763535799691454,0.007642516000487376,0
10300,0.3794654890007223,0.007332518998737214,0
10400,0.3791066490011872,0.007339436997426674,0
10500,0.40686709999863524,0.008371029998670565,0
10600,0.40280647600229713,0.007828282999980729,0
10700,0.40886447199955,0.007570255998871289,0
10800,0.38201592800032813,0.007496010999602731,0
10900,0.4458778709995386,0.007979328001965769,0
11000,0.39510254700144287,0.007537997997133061,0
11100,0.3852071539986355,0.008288436001748778,0
11200,0.3968363269996189,0.007493097000406124,0
11300,0.41385263099800795,0.007435365998389898,0
11400,0.4058825690008234,0.007366986999841174,0
11500,0.3854530539974803,0.007589909000671469,0
11600,0.40474120400176616,0.0075217819976387545,0
11700,0.45429225499901804,0.007346424001298146,0
11800,0.3934315670012438,0.00742164500115905,0
11900,0.40737578900007065,0.007554998999694362,0
12000,0.3914643159987463,0.008023173999390565,0
12100,0.42967488299836987,0.008250062001025071,0
12200,0.4050527420004073,0.007374709999567131,0
12300,0.3862649689981481,0.007515569999668514,0
12400,0.4112265749972721,0.007317947998672025,0
12500,0.40774746399983997,0.007479050997062586,0
12600,0.38952578699900187,0.007661331997951493,0
12700,0.38469374300257186,0.007629248000739608,0
12800,0.44028037400130415,0.007763006000459427,0
12900,0.4071043700023438,0.007556651002232684,0
13000,0.4048349960030464,0.007780307001667097,0
13100,0.42287587099781376,0.007537904999480816,0
13200,0.4377962540020235,0.0073299100004078355,0
13300,0.39829278500110377,0.008238878999691224,0
13400,0.4066811489974498,0.0073769810005615,0
13500,0.4099510710002505,0.007563671002571937,0
13600,0.44874015800087363,0.007399086000077659,0
13700,0.3914170470015961,0.0073415419974480756,0
13800,0.4021754299974418,0.0074563149973982945,0
13900,0.40565553899796214,0.007431628000631463,0
14000,0.4268934649990115,0.007720044999587117,0
14100,0.4032549610019487,0.0072565880000183824,0
14200,0.4132414669984428,0.007863483999244636,0
14300,0.43702931000007084,0.007497778002289124,0
14400,0.42880626899932395,0.007537775996752316,0
14500,0.40860331200019573,0.007414201001665788,0
14600,0.41556191199924797,0.007665452001674566,0
14700,0.42374733700125944,0.007150441997509915,0
14800,0.4303556109989586,0.007841312999516958,0
14900,0.4019808990015008,0.007413458999508293,0
15000,0.4017437010006688,0.007328326002607355,0
15100,0.45432952999908593,0.007733719998213928,0
15200,0.43548801399811055,0.007582931000797544,0
15300,0.4212478320005175,0.007598849999340018,0
15400,0.4576508690006449,0.007632520002516685,0
15500,0.44957521700052894,0.007529164999141358,0
15600,0.3994547659967793,0.007279801997356117,0
15700,0.4109632409999904,0.007418551998853218,0
15800,0.40415502599717,0.007392465999146225,0
15900,0.44950423000045703,0.00762780800141627,0
16000,0.40129012699981104,0.007301498000742868,0
16100,0.39600399200207903,0.007387338999251369,0
16200,0.42674114600231405,0.00761634199807304,0
16300,0.42850327099949936,0.007951528001285624,0
16400,0.41083018599965726,0.007762656998238526,0
16500,0.4034706329985056,0.007349594998231623,0
16600,0.4470646810004837,0.00828395700227702,0
16700,0.43512652500066906,0.0074883000015688594,0
16800,0.416496713001834,0.00819854099972872,0
16900,0.4169142129976535,0.007542816001659958,0
17000,0.45342607400016277,0.008438592998572858,0
17100,0.43424083499849075,0.007513256001402624,0
17200,0.4103941549983574,0.00775386100212927,0
17300,0.413863122001203,0.007481905002350686,0
17400,0.44199855299666524,0.007782785000017611,0
17500,0.42062051399989286,0.007777017999615055,0
17600,0.40230599799906486,0.007522599000367336,0
17700,0.420546061002824,0.007862602000386687,0
17800,0.4541258569988713,0.007570017001853557,0
17900,0.39901777999693877,0.007444369999575429,0
18000,0.4154698889979045,0.0076856929990754,0
18100,0.4220093830008409,0.007673062998946989,0
18200,0.5008458509983029,0.007885645001806552,0
18300,0.4108010109994211,0.007679015998292016,0
18400,0.41748504399947706,0.007890480999776628,0
18500,0.43383148399880156,0.007357270002103178,0
18600,0.46419187799983774,0.008645056001114426,0
18700,0.4216954200019245,0.007285546998900827,0
18800,0.4181713270008913,0.007943101001728792,0
18900,0.4669863679991977,0.007375722998403944,0
19000,0.42555153099965537,0.007829508998838719,0
19100,0.42262491200017394,0.007294213999557542,0
19200,0.41693610299989814,0.007685062999371439,0
19300,0.4497811420005746,0.007608859999891138,0
19400,0.4392549799995322,0.007762003999232547,0
19500,0.4129049670009408,0.0075728680021711625,0
19600,0.4215344850017573,0.007902196997747524,0
19700,0.45935541500148247,0.00765313900046749,0
19800,0.4363439320004545,0.007553879000624875,0
19900,0.4092152490011358,0.007297136999113718,0
20000,0.46031514599962975,0.007379452999884961,0
20100,0.4536802449983952,0.007837982000637567,0
20200,0.41265523100082646,0.008347859999048524,0
20300,0.4301992539985804,0.008299754001200199,0
20400,0.42973748599979444,0.008442089998425217,0
20500,0.4546056069993938,0.007828208999853814,0
20600,0.41615714200088405,0.007905792001110967,0
20700,0.41648300199813093,0.007772436001687311,0
20800,0.45821838000119897,0.00768931000129669,0
20900,0.4382607490006194,0.00911477300178376,0
21000,0.4055966849991819,0.007633779001480434,0
21100,0.44125514199913596,0.008277536999230506,0
21200,0.45452317599847447,0.00771184500263189,0
21300,0.44488956599889207,0.007443976999638835,0
21400,0.4435063050004828,0.007559647001471603,0
21500,0.4142281069980527,0.007608128998981556,0
21600,0.48121025399814243,0.007534424999903422,0
21700,0.41395756699785125,0.007448498003213899,0
21800,0.4371146289995522,0.007409089001157554,0
21900,0.4433391999991727,0.0074217600013071205,0
22000,0.46572078700046404,0.007901730001321994,0
22100,0.4135889040007896,0.007468124000297394,0
22200,0.4147694740022416,0.008296689000417246,0
22300,0.46108667899898137,0.007308954998734407,0
22400,0.4406806830011192,0.009528170998237329,0
22500,0.42962062600054196,0.007461903998773778,0
22600,0.4096280369994929,0.007667539997783024,0
22700,0.45513897700220696,0.007560825000837212,0
22800,0.4497871219973604,0.007574303999717813,0
22900,0.41271808900273754,0.008421962000284111,0
23000,0.42202003700003843,0.0077046539990988094,0
23100,0.4426320519996807,0.008012963997316547,0
23200,0.46001410800090525,0.00757208399954834,0
23300,0.4099530780003988,0.007527656001911964,0
23400,0.44030259200008004,0.007527631998527795,0
23500,0.4610989739994693,0.0075361100025475025,0
23600,0.44010999600141076,0.00746937199801323,0
23700,0.4101031059981324,0.007559263001894578,0
23800,0.42177975500089815,0.007634819001395954,0
23900,0.4663917610014323,0.007546992997959023,0
24000,0.4082783619996917,0.007559227000456303,0
24100,0.4109404689988878,0.007398120000289055,0
24200,0.45018451700161677,0.007472502999007702,0
24300,0.44050878300186014,0.007447607000358403,0
24400,0.42539343500175164,0.00752104499770212,0
24500,0.43686504699871875,0.007493560999137117,0
24600,0.45045846100038034,0.007601995999721112,0
24700,0.44711387300048955,0.008418623001489323,0
24800,0.4362030859992956,0.007647305999853415,0
24900,0.41214843199850293,0.008044200996664586,0
25000,0.44823886700032745,0.008078893999481807,0
25100,0.4529028439974354,0.007442729998729192,0
25200,0.4397609659972659,0.007548282999778166,0
25300,0.42840136399900075,0.008253260999481427,0
25400,0.4652269209982478,0.007839058998797555,0
25500,0.42268843299825676,0.0076495130015246104,0
25600,0.4298965100024361,0.008058978000917705,0
25700,0.4429570259999309,0.007723946000623982,0
25800,0.44610506300159614,0.007978066001669504,0
25900,0.4376554690024932,0.007510336999985157,0
26000,0.41707844299889985,0.007545186999777798,0
26100,0.460109811003349,0.007445928000379354,0
26200,0.4451694170020346,0.008003666996955872,0
26300,0.408263856999838,0.007485573001758894,0
26400,0.41241255099885166,0.007912073997431435,0
26500,0.4644292310003948,0.007818557998689357,0
26600,0.43457374699937645,0.007830606002244167,0
26700,0.43394875599915395,0.008064197998464806,0
26800,0.4337452649997431,0.007430977999320021,0
26900,0.4823621989999083,0.007447909996699309,0
27000,0.45753228000103263,0.007570034002128523,0
27100,0.43010389499977464,0.008071016996836988,0
27200,0.41565092300152173,0.007553567000286421,0
27300,0.4672714669977722,0.007483091001631692,0
27400,0.4411977919990022,0.007528314999944996,0
27500,0.41542822799965506,0.007491293999919435,0
27600,0.44048181700054556,0.007896428000094602,0
27700,0.46069136999722105,0.007840795999072725,0
27800,0.43705627000235836,0.007783989000017755,0
27900,0.4372756860029767,0.007563048002339201,0
28000,0.46408861000236357,0.007553348998044385,0
28100,0.46919446299943957,0.007816508998075733,0
28200,0.4142819119988417,0.007387101999484003,0
28300,0.41558138400068856,0.007659096998395398,0
28400,0.4807300150023366,0.0076121800011605956,0
28500,0.45574786299766856,0.007563134000520222,0
28600,0.42065994999938994,0.007788713999616448,0
28700,0.4298999329985236,0.007530367998697329,0
28800,0.4764925540002878,0.00788584900146816,0
28900,0.47036132699940936,0.008632073000626406,0
29000,0.4209207370004151,0.007871150002756622,0
29100,0.41942612700222526,0.00774522500068997,0
29200,0.4818252069999289,0.00818239500222262,0
29300,0.44899985899974126,0.00745069699769374,0
29400,0.4270943369992892,0.007585144998301985,0
29500,0.42900180900323903,0.007262089999130694,0
29600,0.4690600829999312,0.007455188002495561,0
29700,0.4467372910003178,0.00831066599857877,0
29800,0.427381483001227,0.007704009000008227,0
29900,0.4593557190019055,0.00777101400308311,0
30000,0.48600076799993985,0.009726255000714445,0
30100,0.4546723919993383,0.007510102001106134,0
30200,0.4312825580018398,0.008056211001530755,0
30300,0.49943061099838815,0.007796729998517549,0
30400,0.558778351998626,0.009860271002253285,0
30500,0.45890617899931385,0.008229799001128413,0
30600,0.44270237800083123,0.007698754001467023,0
30700,0.48568790199715295,0.00761389000035706,0
30800,0.4567755579992081,0.007958133002830436,0
30900,0.418999868001265,0.007451638000929961,0
31000,0.4231530680008291,0.00782426599835162,0
31100,0.52962806999858,0.007947671998408623,0
31200,0.44671197999923606,0.0076660259983327705,0
31300,0.4517772059989511,0.00786320000042906,0
31400,0.44267239200053154,0.007754439000564162,0
31500,0.46157859899903997,0.007825855998817133,0
31600,0.4687004600018554,0.008196798000426497,0
31700,0.4167204129989841,0.008282377002615249,0
31800,0.4555050980015949,0.00827577400195878,0
31900,0.4685531319992151,0.008549954000045545,0
32000,0.4399923419987317,0.007736468000075547,0
32100,0.4470252780010924,0.008826227000099607,0
32200,0.4964346660017327,0.008691204002388986,0
32300,0.49052641299931565,0.008240257000579732,0
32400,0.45695002900174586,0.007619712996529415,0
32500,0.44312828500187607,0.00778294200063101,0
32600,0.4741030600016529,0.008268149998912122,0
32700,0.47327343199867755,0.008045736001804471,0
32800,0.42753425299815717,0.007670199000131106,0
32900,0.4297280410028179,0.00758360200052266,0
33000,0.4906443770014448,0.008526735000486951,0
33100,0.48255510899980436,0.007490178002626635,0
33200,0.4436446849977074,0.008021255001949612,0
33300,0.4469015050017333,0.007629388001078041,0
33400,0.5281555319998006,0.00861617199916509,0
33500,0.4488031850014522,0.007707537999522174,0
33600,0.4244569369984674,0.007772836997901322,0
33700,0.4753963269977248,0.00768778299971018,0
33800,0.5093878660009068,0.008232760999817401,0
33900,0.44391483000072185,0.007821704999514623,0
34000,0.419890362998558,0.0077905130019644275,0
34100,0.48314013500203146,0.0076835260006191675,0
34200,0.46813545700206305,0.007902191999164643,0
34300,0.4728615460007859,0.007669968999834964,0
34400,0.4222628370007442,0.007497328999306774,0
34500,0.4841300609987229,0.007577161999506643,0
34600,0.4838413549987308,0.007629030998941744,0
34700,0.43464495000080206,0.007797615999152185,0
34800,0.4165057979989797,0.007715663999988465,0
34900,0.4736275380018924,0.008424285999353742,0
35000,0.49568770399855566,0.007664798999030609,0
35100,0.41675363600006676,0.007739202999800909,0
35200,0.45449839499997324,0.007596262999868486,0
35300,0.47750027400252293,0.008404692001931835,0
35400,0.48222186700149905,0.0076823439994768705,0
35500,0.4147361629984516,0.00769033999677049,0
35600,0.4575978369975928,0.008552199997211574,0
35700,0.5054040059985709,0.008087737998721423,0
35800,0.4483967059968563,0.007640678002644563,0
35900,0.4069021100003738,0.007576428000902524,0
36000,0.4729946480001672,0.007948137001221767,0
36100,0.4877371160000621,0.007778069000778487,0
36200,0.43171937100123614,0.007533920001151273,0
36300,0.4168431629987026,0.008057350998569746,0
36400,0.49147681500107865,0.007935376001114491,0
36500,0.4721710809972137,0.009198505998938344,0
36600,0.4290500860006432,0.007676877001358662,0
36700,0.4511972130021604,0.007749264001176925,0
36800,0.4862675719996332,0.008010630001081154,0
36900,0.48009498700048425,0.00768961499852594,0
37000,0.4261351419991115,0.007996305997949094,0
37100,0.44716155199785135,0.007556611999461893,0
37200,0.47427196399803506,0.007957992002047831,0
37300,0.4986636709982122,0.007691001002967823,0
37400,0.43033798599935835,0.0077985210009501316,0
37500,0.494525469999644,0.008017613999982132,0
37600,0.48014144899934763,0.0077343529992504045,0
37700,0.47303315099998144,0.007639929001015844,0
37800,0.4257649070023035,0.0075153379984840285,0
37900,0.4658816899973317,0.008335305999935372,0
38000,0.5040946539993456,0.008958157999586547,0
38100,0.45448657700035255,0.007810757000697777,0
38200,0.4338745179993566,0.007740388002275722,0
38300,0.4802232589972846,0.008431496000412153,0
38400,0.5304000020005333,0.007806908997736173,0
38500,0.4529026550007984,0.007507949001592351,0
38600,0.44993267899917555,0.007806989997334313,0
38700,0.5143567439990875,0.007998654000402894,0
38800,0.4810513849988638,0.007565564999822527,0
38900,0.4278359499985527,0.007723929000349017,0
39000,0.4499097019979672,0.008001199003047077,0
39100,0.49368703000072856,0.007668754002224887,0
39200,0.43830236199937644,0.007672388997889357,0
39300,0.41622911499871407,0.007560993002698524,0
39400,0.4650386780012923,0.007851542002754286,0
39500,0.49419154900169815,0.008547640998585848,0
39600,0.49886010899717803,0.008166976000211434,0
39700,0.4473073330009356,0.008014737999474164,0
39800,0.5067759060002572,0.008398869998927694,0
39900,0.5304194310010644,0.007965454999066424,0
40000,0.4642732300017087,0.007436249998136191,0
40100,0.44417529700149316,0.0076848589997098316,0
40200,0.511440276997746,0.007900132000941085,0
40300,0.5040643859974807,0.007680737999180565,0
40400,0.43953146599960746,0.007376631001534406,0
40500,0.4978039390007325,0.008181007997336565,0
40600,0.5443195389998436,0.008201250002457527,0
40700,0.5023436350020347,0.007465534999937518,0
40800,0.438517763002892,0.007750396998744691,0
40900,0.5327823539992096,0.008723078997718403,0
41000,0.5841510230020504,0.008037040999624878,0
41100,0.45873512699836283,0.007707134998781839,0
41200,0.4502433750021737,0.007694654999795603,0
41300,0.44244599800003925,0.007614633999764919,0
41400,0.5227115070010768,0.00783607500125072,0
41500,0.48952901099983137,0.007651864001672948,0
41600,0.7658602410010644,0.007803923999745166,0
41700,0.44850576399767306,0.007644757999514695,0
41800,0.4358722229990235,0.007612604997120798,0
41900,0.4088867790014774,0.0077054139983374625,0
42000,0.47287709500233177,0.008960080998804187,0
42100,0.48229610199996387,0.008059093997871969,0
42200,0.4663598080005613,0.00817474200084689,0
42300,0.4434667139976227,0.007945644996652845,0
42400,0.510285123000358,0.0080594770006428,0
42500,0.487703037000756,0.007513333999668248,0
42600,0.5882817569981853,0.009218168997904286,0
42700,0.484560128999874,0.007843542000046,0
42800,0.5184246999997413,0.008379350998438895,0
42900,0.4718466049998824,0.007636984999408014,0
43000,0.43268889500177465,0.007932380998681765,0
43100,0.4568055759991694,0.007661388000997249,0
43200,0.5179733469994972,0.00807226400138461,0
43300,0.47233586400034255,0.007650916999409674,0
43400,0.45971433500017156,0.00787127800140297,0
43500,0.48420241799976793,0.007999043999006972,0
43600,0.5546604890005256,0.008960551000200212,0
43700,0.48638080499949865,0.008191757999156835,0
43800,0.46302767700035474,0.008583358998293988,0
43900,0.5091468060018087,0.007586808998894412,0
44000,0.5267472049999924,0.008282230999611784,0
44100,0.47780117000002065,0.007946080000692746,0
44200,0.4481613540010585,0.00812839799982612,0
44300,0.5158635589978076,0.008262884999567177,0
44400,0.5297516120008368,0.008092148000287125,0
44500,0.4973547680019692,0.009010770001623314,0
44600,0.4938984549989982,0.00843226800134289,0
44700,0.5218689629982691,0.007983021998370532,0
44800,0.521002038000006,0.0076370099995983765,0
44900,0.44757814799959306,0.008149061002768576,0
45000,0.5091427000006661,0.008187431998521788,0
45100,0.5629914109995298,0.007789609000610653,0
45200,0.4826855119972606,0.007967872003064258,0
45300,0.5034696820002864,0.011573904001124902,0
45400,0.5486085349984933,0.007806311001331778,0
45500,0.5821362839997164,0.008499555002345005,0
45600,0.47723665200101095,0.007817121000698535,0
45700,0.4648774260022037,0.008749983997404343,0
45800,0.5184527829987928,0.00854775200059521,0
45900,0.49542124200161197,0.007999355999345426,0
46000,0.49254305100112106,0.008399763999477727,0
46100,0.4750446580001153,0.008355463000043528,0
46200,0.5245412399999623,0.007392274001176702,0
46300,0.5056141370005207,0.008021105000807438,0
46400,0.4789462699991418,0.007844489999115467,0
46500,0.46154903400019975,0.007965835997310933,0
46600,0.5129953079995175,0.007627259001310449,0
46700,0.502920800998254,0.008642748998681782,0
46800,0.5192585400000098,0.008739873999729753,0
46900,0.5319010409984912,0.008134116000292124,0
47000,0.5655394490022445,0.00858284499918227,0
47100,0.4796325450006407,0.007878086002165219,0
47200,0.45493929799704347,0.007856560001528123,0
47300,0.4834275549983431,0.0077847639986430295,0
47400,0.48327340399919194,0.008365575999050634,0
47500,0.48711578599977656,0.007649646999198012,0
47600,0.41575166400070884,0.008145851003064308,0
47700,0.48501439900064724,0.008008028999029193,0
47800,0.49621881100028986,0.008219428000302287,0
47900,0.4850801169995975,0.007782142998621566,0
48000,0.4199546170020767,0.007482117001927691,0
48100,0.5020190569994156,0.008541298997442937,0
48200,0.5434697620003135,0.007669709000765579,0
48300,0.4304661239984853,0.0078003199996601325,0
48400,0.4353808960004244,0.00751864499761723,0
48500,0.5111925259989221,0.007903013000031933,0
48600,0.5279652839999471,0.007747796000330709,0
48700,0.4804629729987937,0.008314713999425294,0
48800,0.46323604400095064,0.007911676002549939,0
48900,0.6210864980021142,0.009481320001214044,0
49000,0.5554003709985409,0.008010306002688594,0
49100,0.46609776799959945,0.007749093001621077,0
49200,0.4723991390019364,0.008417621000262443,0
49300,0.5018006179998338,0.007978163001098437,0
49400,0.49688474600043264,0.007560587000625674,0
49500,0.47798554499968304,0.007910500000434695,0
49600,0.511518546998559,0.00808891999986372,0
49700,0.5062866590014892,0.009455549999984214,0
49800,0.5024703919989406,0.007759228999930201,0
49900,0.4548585929987894,0.007862256999942474,0
50000,0.48463683200316154,0.0079598430020269,0
50100,0.5249094020000484,0.008281506001367234,0
50200,0.5201823520001199,0.007775164001941448,0
50300,0.463237466999999,0.008316938001371454,0
50400,0.5847765079997771,0.008594787999754772,0
50500,0.5282746119992225,0.008211712000047555,0
50600,0.5041078689973801,0.0080626779999875,0
50700,0.49031035199732287,0.007772682998620439,0
50800,0.5301987979983096,0.007630301002791384,0
50900,0.5234670659992844,0.007980042999406578,0
51000,0.46454344499943545,0.007798184000421315,0
51100,0.475821898002323,0.007890898999903584,0
51200,0.5237905709982442,0.007828991001588292,0
51300,0.5196708139992552,0.007765308000671212,0
51400,0.479308107001998,0.007867422998970142,0
51500,0.548210762997769,0.008159071003319696,0
51600,0.4952030750027916,0.00867044099868508,0
51700,0.5195271779994073,0.008048965999478241,0
51800,0.430604465000215,0.007520423998357728,0
51900,0.49676734899912844,0.007958964000863489,0
52000,0.507132955997804,0.007647860002180096,0
52100,0.5028265129985812,0.008020911998755764,0
52200,0.4453578460015706,0.00787863500227104,0
52300,0.5291529930000252,0.0074981399993703235,0
52400,0.48655238799983636,0.007794782999553718,0
52500,0.5182011840006453,0.00792707800064818,0
52600,0.5531817540031625,0.011091464999481104,0
52700,0.5385280859991326,0.008663398999487981,0
52800,0.5187951360021543,0.007930023999506375,0
52900,0.4564236109981721,0.008500949003064306,0
53000,0.4973002870028722,0.008044469002925325,0
53100,0.504985759002011,0.007881834000727395,0
53200,0.47072315200057346,0.007799257000442594,0
53300,0.43377083399900584,0.00784326999928453,0
53400,0.5252072769981169,0.00810123499832116,0
53500,0.5112215839981218,0.0077916990012454335,0
53600,0.4646229930003756,0.008338505998835899,0
53700,0.4470254490006482,0.007765324000502005,0
53800,0.5206601999998384,0.008360572999663418,0
53900,0.487896955000906,0.0077870060013083275,0
54000,0.4362074969976675,0.007740420001937309,0
54100,0.43424613399838563,0.008050793996517314,0
54200,0.5205049830001371,0.007942608001030749,0
54300,0.4974746709995088,0.007914585003163666,0
54400,0.47442927899828646,0.007994198000233155,0
54500,0.4809658349986421,0.007832194998627529,0
54600,0.5100551299983636,0.007977904002473224,0
54700,0.5363619300005666,0.0077143670023360755,0
54800,0.4816605920022994,0.008609350999904564,0
54900,0.5080629389995011,0.008289543002319988,0
55000,0.5023204559984151,0.008004769999388373,0
55100,0.5127470619991072,0.007928046001325129,0
55200,0.4574908089998644,0.00823807599954307,0
55300,0.4910659540000779,0.008194216999982018,0
55400,0.5412196460019914,0.008241686999099329,0
55500,0.5210887030007143,0.01022055900102714,0
55600,0.4800794910006516,0.008039739997911965,0
55700,0.5453982790022565,0.007885987997724442,0
55800,0.5541968290017394,0.00792959699901985,0
55900,0.47880421800073236,0.008075207999354461,0
56000,0.46928570800082525,0.007628081999428105,0
56100,0.5250321080020512,0.008025653998629423,0
56200,0.49990543500098283,0.008204122997995,0
56300,0.463010982999549,0.0077879590025986545,0
56400,0.49268157800179324,0.007839688001695322,0
56500,0.5831448349999846,0.00933950499893399,0
56600,0.556033042998024,0.00893268599975272,0
56700,0.48211417000129586,0.007769351999741048,0
56800,0.5108368959990912,0.008257261997641763,0
56900,0.5397183819986822,0.008050076001381967,0
57000,0.5074858469997707,0.008896365001419326,0
57100,0.49141162400337635,0.008035861999815097,0
57200,0.5371992719992704,0.00796209899999667,0
57300,0.5105545970000094,0.008039938002184499,0
57400,0.5213366730022244,0.008166986997821368,0
57500,0.4915762380005617,0.008828830999846105,0
57600,0.5402717090000806,0.008414312997047091,0
57700,0.49054040199916926,0.009037309999257559,0
57800,0.47025939200102584,0.008109540001896676,0
57900,0.45522005100065144,0.008630165000795387,0
58000,0.5328115049996995,0.008348756000486901,0
58100,0.5185997739972663,0.008181946002878249,0
58200,0.4554663500020979,0.008795953999651829,0
58300,0.502624149001349,0.00774045299840509,0
58400,0.5181316459966183,0.007965295997564681,0
58500,0.5253870559972711,0.008626565002487041,0
58600,0.4303693769979873,0.008011549998627743,0
58700,0.4841840109984332,0.0077580670003953855,0
58800,0.5223490479984321,0.008491339998727199,0
58900,0.4850262779982586,0.007986536998942029,0
59000,0.5085059579978406,0.008683320997079136,0
59100,0.5567991210009495,0.009314586000982672,0
59200,0.5774378540008911,0.008640621999802534,0
59300,0.5851250890009396,0.008718339002371067,0
59400,0.48657926699888776,0.008460302000457887,0
59500,0.5704059290001169,0.008059121999394847,0
59600,0.5597051080003439,0.0082721480030159,0
59700,0.4755625180005154,0.009559583999362076,0
59800,0.4977737100016384,0.008187275001546368,0
59900,0.5289287660016271,0.008028590997128049,0
60000,0.515865309000219,0.008366007001313847,0
60100,0.4746302450002986,0.008110789000056684,0
60200,0.5303976370014425,0.008373811000637943,0
60300,0.5969479359991965,0.008038561998546356,0
60400,0.5060549499976332,0.008335841001098743,0
60500,0.4793872549998923,0.008132437000313075,0
60600,0.5275378859987541,0.008183414000086486,0
60700,0.5399294419985381,0.008527984999091132,0
60800,0.5302084979994106,0.008248579000792233,0
60900,0.5007181520013546,0.008275164000224322,0
61000,0.52928204699856,0.008432249000179581,0
61100,0.6117839109974739,0.009680024999397574,0
61200,0.4979300679988228,0.007888877000368666,0
61300,0.46999294600027497,0.008348598999873502,0
61400,0.5697946910004248,0.007814425000105985,0
61500,0.5266651389974868,0.010196748000453226,0
61600,0.47427102499932516,0.008059424999373732,0
61700,0.4857580079988111,0.008019090000743745,0
61800,0.5415409069973975,0.00838400599968736,0
61900,0.5764229220003472,0.00798558799942839,0
62000,0.5040448360014125,0.008484894002322108,0
62100,0.530678243998409,0.008092650001344737,0
62200,0.5339298269973369,0.008154135000950191,0
62300,0.5305871170021419,0.008234455999627244,0
62400,0.45700386300086393,0.0084009390011488,0
62500,0.5058637319998525,0.008752633999392856,0
62600,0.5374413530007587,0.008043240999541013,0
62700,0.541764511999645,0.008361230997252278,0
62800,0.49004773599881446,0.008258412999566644,0
62900,0.5109753309989173,0.008899749002011959,0
63000,0.5614360879990272,0.00849655099955271,0
63100,0.5216680190023908,0.00803244700000505,0
63200,0.5036867420021736,0.00810154100327054,0
63300,0.5118606910000381,0.008269338999525644,0
63400,0.5391502279999258,0.008027855001273565,0
63500,0.47655216999919503,0.00806561300123576,0
63600,0.5051304180014995,0.008092374002444558,0
63700,0.5318865299996105,0.007832458999473602,0
63800,0.5582775160000892,0.007939590999740176,0
63900,0.46965105699928245,0.007898899999418063,0
64000,0.5109068099991418,0.008075592002569465,0
64100,0.5768981799992616,0.007881311001256108,0
64200,0.5723084429992014,0.007968694997543935,0
64300,0.482467990997975,0.008850819001963828,0
64400,0.535142975000781,0.00810586299849092,0
64500,0.5619416599984106,0.008237196998379659,0
64600,0.5134802840002521,0.008002351998584345,0
64700,0.4742717499975697,0.008242486001108773,0
64800,0.5113394760010124,0.009005379000882385,0
64900,0.5244017020013416,0.008076626003457932,0
65000,0.5433154570018814,0.007996421001735143,0
65100,0.4906287550002162,0.007571595000626985,0
65200,0.5210362610014272,0.0076750980006181635,0
65300,0.5311658409991651,0.007979044999956386,0
65400,0.5189641240031051,0.008378096998058027,0
65500,0.4680619930004468,0.007486842001526384,0
65600,0.49898912199932965,0.008187244999135146,0
65700,0.5005952619976597,0.007817485002306057,0
65800,0.5159165139994002,0.008098411999526434,0
65900,0.5343162229983136,0.00767949999863049,0
66000,0.5643276250011695,0.007614874000864802,0
66100,0.5916395620006369,0.008388783000555122,0
66200,0.49652489900108776,0.008169697000994347,0
66300,0.5406933359990944,0.008054288002313115,0
66400,0.5416908350016456,0.00829844699910609,0
66500,0.5366533900014474,0.008154261999152368,0
66600,0.45500288599941996,0.00803691299734055,0
66700,0.5130002989972127,0.008029748001717962,0
66800,0.5335952389978047,0.007662549000087893,0
66900,0.4713259000018297,0.007816657001967542,0
67000,0.4817090050019033,0.007907597002486,0
67100,0.5085228460011422,0.008239710001362255,0
67200,0.5144569900003262,0.008909043997846311,0
67300,0.5096379089991387,0.008077135997154983,0
67400,0.46809531899998547,0.008960552000644384,0
67500,0.533596851000766,0.007984346000739606,0
67600,0.5214437069989799,0.007776268001180142,0
67700,0.4661740489973454,0.007760695996694267,0
67800,0.4968870049997349,0.00762475900046411,0
67900,0.5195153860004211,0.008261833001597552,0
68000,0.536044614000275,0.008126433000143152,0
68100,0.445203405997745,0.0076597090010182,0
68200,0.5007715819992882,0.007847327000490623,0
68300,0.6609056439992855,0.007816386001650244,0
68400,0.47390078700118465,0.00774314899899764,0
68500,0.4597133089991985,0.007815962002496235,0
68600,0.5281484099978115,0.007842249997338513,0
68700,0.5418297550022544,0.008157424999808427,0
68800,0.521267362000799,0.00814765500035719,0
68900,0.46434632900127326,0.008224779998272425,0
69000,0.5131775240006391,0.007913131001259899,0
69100,0.5303012520016637,0.00804961899848422,0
69200,0.45518692299810937,0.007775801001116633,0
69300,0.47633042199959164,0.007818325000698678,0
69400,0.5201977100005024,0.007794478999130661,0
69500,0.542771830001584,0.008726722000574227,0
69600,0.4811299840002903,0.008209174997318769,0
69700,0.5023450590015273,0.007672842999454588,0
69800,0.5200093280000146,0.007790726001985604,0
69900,0.5397891020002135,0.008641271997475997,0
70000,0.44111529699875973,0.007976345001225127,0
70100,0.5031589649988746,0.00813795899739489,0
70200,0.5312229240007582,0.008313327001815196,0
70300,0.5506468200001109,0.008121512000798248,0
70400,0.47180545999799506,0.008375310000701575,0
70500,0.5335318350007583,0.008072314001765335,0
70600,0.5334462920000078,0.008674820001033368,0
70700,0.5499401089982712,0.007718054999713786,0
70800,0.4805603130007512,0.00818153999716742,0
70900,0.5828644169996551,0.008244319000368705,0
71000,0.5515966430029948,0.009187886000290746,0
71100,0.5141635930012853,0.008060588999796892,0
71200,0.5025214119996235,0.008547148001525784,0
71300,0.5716452470005606,0.008576536001783097,0
71400,0.5340190850001818,0.007877255000494188,0
71500,0.47530742199887754,0.00819538699943223,0
71600,0.5051077490024909,0.008648443999845767,0
71700,0.5675020240014419,0.00785135800106218,0
71800,0.5540582539979368,0.00795966599980602,0
71900,0.4591473410000617,0.008155638999596704,0
72000,0.5224802179982362,0.008186054001271259,0
72100,0.5302473869996902,0.007840043999749469,0
72200,0.526918695999484,0.00825704599992605,0
72300,0.4528255719997105,0.00775188999978127,0
72400,0.48755788299968117,0.008074246001342544,0
72500,0.5165595219987154,0.008393283002078533,0
72600,0.5181285420003405,0.007980047997989459,0
72700,0.4710159200003545,0.00764395399892237,0
72800,0.5104010030008794,0.00802718900013133,0
72900,0.5186851379985455,0.007928271999844583,0
73000,0.49581260199920507,0.009553643001709133,0
73100,0.48229763400013326,0.008879946999513777,0
73200,0.535433593999187,0.00834221400145907,0
73300,0.5401512089993048,0.007880389999627369,0
73400,0.45787896500041825,0.00793330899978173,0
73500,0.5488787649992446,0.011591890001000138,0
73600,0.5639057400003367,0.008167738000338431,0
73700,0.5899795049990644,0.009219855997798732,0
73800,0.5021926170011284,0.008087041998805944,0
73900,0.5277849890007928,0.008080170999164693,0
74000,0.5487242980016163,0.008089594997727545,0
74100,0.5328672309988178,0.007905290000053355,0
74200,0.46827002899954095,0.008914608999475604,0
74300,0.5239868850003404,0.00906942599976901,0
74400,0.5463529599983303,0.009047495997947408,0
74500,0.5334867900019162,0.00781354500213638,0
74600,0.4578347400019993,0.008810398001514841,0
74700,0.5041713840000739,0.007950641000206815,0
74800,0.5058205069981341,0.00761190499906661,0
74900,0.49963816099989344,0.007925238001917023,0
75000,0.48721355900124763,0.008530175000487361,0
75100,0.5494197079970036,0.007675458000448998,0
75200,0.5154919210035587,0.008188971001800383,0
75300,0.4768240049997985,0.007872791997215245,0
75400,0.5092827939988638,0.00873902400053339,0
75500,0.5117362979981408,0.0079897819996404,0
75600,0.524578112999734,0.0076402129998314194,0
75700,0.43656986499991035,0.007831774997612229,0
75800,0.4905878120007401,0.008116570999845862,0
75900,0.5379979520002962,0.008738929998798994,0
76000,0.48264678600025945,0.007668549002119107,0
76100,0.4700359859998571,0.008051950000663055,0
76200,0.533201956000994,0.008138097997289151,0
76300,0.48726085900125327,0.007737888001429383,0
76400,0.5461402859982627,0.007970965998538304,0
76500,0.43531836200054386,0.007663393997063395,0
76600,0.521446554997965,0.007970843002112815,0
76700,0.47957677799786325,0.007765066999127157,0
76800,0.49412037000001874,0.008042997000302421,0
76900,0.436797195001418,0.0076195790024939924,0
77000,0.5193259459992987,0.007706492000579601,0
77100,0.5135271680010192,0.00794768500054488,0
77200,0.4711986140027875,0.007772933000524063,0
77300,0.48534550800104626,0.007827678000467131,0
77400,0.565252424999926,0.008114783999189967,0
77500,0.5036071750000701,0.00770368099983898,0
77600,0.5015877279984124,0.008244037999247666,0
77700,0.6134395219996804,0.008047483999689575,0
77800,0.5435417939988838,0.00829209099902073,0
77900,0.5022882880002726,0.007972735998919234,0
78000,0.44869443400239106,0.007946470999740995,0
78100,0.4983360469996114,0.007917313003417803,0
78200,0.512282106999919,0.00802531400040607,0
78300,0.46236027799750445,0.008034389000386,0
78400,0.44596889199965517,0.007844609997846419,0
78500,0.505347921000066,0.007972007999342168,0
78600,0.5182505310003762,0.007970078000653302,0
78700,0.44496027500281343,0.008177526000508806,0
78800,0.46485142599703977,0.00819125500129303,0
78900,0.5454770579999604,0.008003106999240117,0
79000,0.5251322039985098,0.007855601001210744,0
79100,0.4923780610006361,0.007831663999240845,0
79200,0.48572742599935737,0.007895807997556403,0
79300,0.5839478199995938,0.007964891996380175,0
79400,0.48261812499913503,0.007883467002102407,0
79500,0.45146942700012005,0.008461928999167867,0
79600,0.48885965299996315,0.007999410998309031,0
79700,0.5025337320003018,0.008167716998286778,0
79800,0.48528431199883926,0.00821743899723515,0
79900,0.4445992450018821,0.008049731997743947,0
80000,0.4900871409990941,0.008326199997100048,0
80100,0.5071112199984782,0.008354803001566324,0
80200,0.5095996470008686,0.008140827998431632,0
80300,0.4594927770012873,0.008275320000393549,0
80400,0.4980716520003625,0.008109189999231603,0
80500,0.5080459780001547,0.008663217999128392,0
80600,0.458001658997091,0.007749550000880845,0
80700,0.43511123599819257,0.007661692998226499,0
80800,0.525755979000678,0.007905491002020426,0
80900,0.47202888399988296,0.00820064000072307,0
81000,0.46180164399993373,0.00805263000074774,0
81100,0.45767148500090116,0.00770992199977627,0
81200,0.5397514559990668,0.007814863001840422,0
81300,0.5267402329991455,0.008147190001182025,0
81400,0.4988757839964819,0.007815608998498647,0
81500,0.4939441789974808,0.007891981000284432,0
81600,0.5525087870009884,0.008046399998420384,0
81700,0.5259216740014381,0.008048615000006976,0
81800,0.4902961490006419,0.008770696997089544,0
81900,0.5316496980012744,0.008234360000642482,0
82000,0.5214137620023394,0.00897249300032854,0
82100,0.48045280700171134,0.007750729000690626,0
82200,0.439700509999966,0.007731975998467533,0
82300,0.5300800340010028,0.007641437001439044,0
82400,0.5113308519976272,0.00809445000049891,0
82500,0.4853982739987259,0.007901392000349006,0
82600,0.4463214390016219,0.0076355550008884165,0
82700,0.5058522010003799,0.007840379999834113,0
82800,0.5123963779988117,0.007874310002080165,0
82900,0.4399117050015775,0.007754543999908492,0
83000,0.4583510170014051,0.007692123002925655,0
83100,0.5123454489985306,0.007848712000850355,0
83200,0.4965017539980181,0.008140828998875804,0
83300,0.46441474499806645,0.007947893001983175,0
83400,0.45775073900222196,0.007922410000901436,0
83500,0.5040461360003974,0.009020100998895941,0
83600,0.4949415390001377,0.00817310999991605,0
83700,0.4653307299995504,0.008673028001794592,0
83800,0.49758077200021944,0.00784382799974992,0
83900,0.5436993859984796,0.008331680000992492,0
84000,0.5264866389989038,0.00795377400208963,0
84100,0.46502872700148146,0.009136564000073122,0
84200,0.525415227002668,0.007987739001691807,0
84300,0.5685612319975917,0.00815589500052738,0
84400,0.4945661080018908,0.008308001000841614,0
84500,0.48654421199898934,0.0077562750011566095,0
84600,0.5290870799981349,0.008399130001635058,0
84700,0.4959569519996876,0.0076480259995150845,0
84800,0.49897767299989937,0.0077891030014143325,0
84900,0.48304687999916496,0.007661476000066614,0
85000,0.49669912600074895,0.007762970999465324,0
85100,0.5110250450015883,0.007890015000157291,0
85200,0.43367184099770384,0.008703946001332952,0
85300,0.5246769219993439,0.007768691000819672,0
85400,0.5319079530017916,0.008368093996978132,0
85500,0.5167052519973367,0.007996984000783414,0
85600,0.4551027229972533,0.008695622000232106,0
85700,0.48194408400013344,0.008911108001484536,0
85800,0.5024292829984915,0.008440624002105324,0
85900,0.499507688000449,0.00785306499892613,0
86000,0.47393839299911633,0.008369871997274458,0
86100,0.5537288569976226,0.008214790999772958,0
86200,0.5726523419980367,0.008440405999863287,0
86300,0.46013571200091974,0.007800552000844618,0
86400,0.44694664100097725,0.0077192169992486015,0
86500,0.5189180719971773,0.00791734399899724,0
86600,0.49505250999936834,0.00781585399818141,0
86700,0.44170280899925274,0.007757655999739654,0
86800,0.4472592950005492,0.008154901999660069,0
86900,0.5219093330015312,0.007854135001252871,0
87000,0.47361657900182763,0.00829805999819655,0
87100,0.4577079959999537,0.00783722499909345,0
87200,0.48152829999889946,0.007971466999151744,0
87300,0.5385843580006622,0.008110488000966143,0
87400,0.46101416899909964,0.008300266999867745,0
87500,0.4627070169990475,0.00790879399937694,0
87600,0.5064314909977838,0.008136630000080913,0
87700,0.5238496349993511,0.008105846001853934,0
87800,0.4742836500008707,0.00941225299902726,0
87900,0.47299558200029423,0.008152882001013495,0
88000,0.4866726389991527,0.008197266000934178,0
88100,0.5037249259985401,0.00830508900253335,0
88200,0.5028310420020716,0.008043228001042735,0
88300,0.477215465001791,0.008198681000067154,0
88400,0.5129760240015457,0.008116490000247722,0
88500,0.5650942400025087,0.007777238999551628,0
88600,0.5264237320006941,0.00851625599898398,0
88700,0.5223042649995477,0.007698559998971177,0
88800,0.5962064380000811,0.007709257999522379,0
88900,0.4757423840019328,0.007612899000378093,0
89000,0.4419616439990932,0.007761131000734167,0
89100,0.4600873210001737,0.008242350002547028,0
89200,0.5084715189987037,0.008444439998129383,0
89300,0.5192737750003289,0.008939658000599593,0
89400,0.5263209000004281,0.008887686002708506,0
89500,0.5637385679983709,0.009119059999648016,0
89600,0.5617267469970102,0.008972299001470674,0
89700,0.5527399710008467,0.008743247999518644,0
89800,0.4982457820005948,0.00914469800045481,0
89900,0.49391761899823905,0.008003914997971151,0
90000,0.5143464270004188,0.008019878001505276,0
90100,0.4824748340033693,0.008219685998483328,0
90200,0.47312285199950566,0.00816883000152302,0
90300,0.49598418199821026,0.00798644699898432,0
90400,0.49266411999997217,0.0077439299966499675,0
90500,0.4570807989985042,0.008254960001067957,0
90600,0.5125096689989732,0.007702331997279543,0
90700,0.5042718189979496,0.008188170999346767,0
90800,0.5016532829977223,0.00785796099808067,0
90900,0.4836477719982213,0.008251728999312036,0
91000,0.500256356997852,0.008039844997256296,0
91100,0.4898190389976662,0.00889945800008718,0
91200,0.5010801919997903,0.01001182400068501,0
91300,0.4300126870002714,0.008018860997253796,0
91400,0.49907839500156115,0.008198720999644138,0
91500,0.4832269840007939,0.007963579999341164,0
91600,0.520623506999982,0.007906831000582315,0
91700,0.4343383250015904,0.007872215999668697,0
91800,0.504047973001434,0.008146361000399338,0
91900,0.48154701000021305,0.008333915000548586,0
92000,0.5164532350027002,0.008248141999501968,0
92100,0.45156757299992023,0.007894698999734828,0
92200,0.5298429989998112,0.007978644000104396,0
92300,0.5096419370020158,0.00805569300064235,0
92400,0.45651334099966334,0.00819112999670324,0
92500,0.4502451159969496,0.007832464001694461,0
92600,0.5171988940019219,0.008226338002714328,0
92700,0.4736806159999105,0.007954526001412887,0
92800,0.4342267770007311,0.007993797000381164,0
92900,0.4784105830003682,0.007859121000365121,0
93000,0.4955236599998898,0.007757682000374189,0
93100,0.4992236639991461,0.00791165199916577,0
93200,0.46788799700152595,0.008054555000853725,0
93300,0.4874381759982498,0.007959539998410037,0
93400,0.5055731089996698,0.00846555200041621,0
93500,0.48501822899925173,0.008083598000666825,0
93600,0.44531346499934443,0.008517108999512857,0
93700,0.48573792000024696,0.007937972000945592,0
93800,0.4768807719992765,0.007864785002311692,0
93900,0.510350787997595,0.00813647099857917,0
94000,0.4454127850003715,0.008034427999518812,0
94100,0.500202936000278,0.008178560001397273,0
94200,0.5020585899983416,0.008314824997796677,0
94300,0.45037425799819175,0.00813551700048265,0
94400,0.4752281660003064,0.007880383996962337,0
94500,0.49902379600098357,0.007866792999266181,0
94600,0.49222932100019534,0.008274138999695424,0
94700,0.44890311699782615,0.007884500999352895,0
94800,0.49319882900090306,0.008110688999295235,0
94900,0.49349998400066397,0.008149093999236356,0
95000,0.48046518599949195,0.007962543997564353,0
95100,0.44250142800228787,0.008397410998441046,0
95200,0.49243596899759723,0.008240394003223628,0
95300,0.5079933769993659,0.008375034001801396,0
95400,0.5078027749987086,0.00827108900193707,0
95500,0.4663290819989925,0.007700364003540017,0
95600,0.5126134210004238,0.008049975000176346,0
95700,0.49447702700126683,0.007824487998732366,0
95800,0.4915280140012328,0.008444495000730967,0
95900,0.4438878949986247,0.00797980499919504,0
96000,0.5058802550011023,0.008321721998072462,0
96100,0.4930788819983718,0.008086628997261869,0
96200,0.47951405300045735,0.008768109000811819,0
96300,0.4769422700010182,0.007968111996888183,0
96400,0.5014988039984019,0.008623030000308063,0
96500,0.5040748680003162,0.00827040099829901,0
96600,0.4437016180017963,0.008301772999402601,0
96700,0.48067421299856505,0.0079019619988685,0
96800,0.5078324999994948,0.008434553998085903,0
96900,0.4783745340027963,0.007893027002864983,0
97000,0.45394564399975934,0.007884459999331739,0
97100,0.4821482110019133,0.007889322001574328,0
97200,0.4874922439994407,0.009010549998492934,0
97300,0.5447009390009043,0.008329389998834813,0
97400,0.4406525710001006,0.00786159199924441,0
97500,0.5153559569989739,0.007954839002195513,0
97600,0.4793708930010325,0.00785237400123151,0
97700,0.5095022989989957,0.00922400700073922,0
97800,0.4367891169968061,0.0077430800010915846,0
97900,0.4989873410013388,0.007941242998640519,0
98000,0.4882883070022217,0.008011606001673499,0
98100,0.45021596100195893,0.007924390003609005,0
98200,0.47085338000033516,0.007770201998937409,0
98300,0.5209806709972327,0.00841039100123453,0
98400,0.5306690160032304,0.008523420998244546,0
98500,0.4553457160000107,0.009044563998031663,0
98600,0.4608821759975399,0.0079033209985937,0
98700,0.49404553700151155,0.008009126999240834,0
98800,0.4949804589996347,0.0079087129997788,0
98900,0.48205551199862384,0.008234536999225384,0
99000,0.5103179920006369,0.008251580999058206,0
99100,0.48469355599809205,0.008167282998329028,0
99200,0.4945065669999167,0.007844822001061402,0
99300,0.4754334770004789,0.0076709089989890344,0
99400,0.4871581650004373,0.007617821000167169,0
99500,0.5017167269979836,0.007787972001096932,0
99600,0.4736681979993591,0.008144344999891473,0
99700,0.4351256270019803,0.007760597000014968,0
99800,0.5063726710031915,0.007729818000370869,0
99900,0.4949346359971969,0.008053143003053265,0
100000,0.4693552610006009,0.007907062001322629,0
100100,0.46266927100077737,0.00787330999810365,0
100200,0.516787396001746,0.00783138000042527,0
100300,0.4943909920002625,0.008145747000526171,0
100400,0.4426267580020067,0.007675079999899026,0
100500,0.48247800399985863,0.0076123039980302565,0
100600,0.4982909800019115,0.008287161999760428,0
100700,0.5006863859998703,0.007919890998891788,0
100800,0.4345061380008701,0.007908710998890456,0
100900,0.47184601099797874,0.007913547000498511,0
101000,0.4976350569995702,0.0083318130018597,0
101100,0.5123767159966519,0.007847435997973662,0
101200,0.441904595001688,0.008292872000311036,0
101300,0.5004728860003524,0.007761175998894032,0
101400,0.48105781900085276,0.00846019400341902,0
101500,0.47604282600150327,0.010140587997739203,0
101600,0.45750770100130467,0.007862869999371469,0
101700,0.5001963649992831,0.007994683001015801,0
101800,0.49993573800020386,0.008036485000047833,0
101900,0.46985709900036454,0.008163538001099369,0
102000,0.45564396000190754,0.008604663002188317,0
102100,0.5142037570003595,0.00798657099949196,0
102200,0.4980855169997085,0.008557534001738532,0
102300,0.46123647399872425,0.008572055998229189,0
102400,0.4752024179979344,0.007970405997184571,0
102500,0.5082788440013246,0.007841129998269025,0
102600,0.5227892769980826,0.008175580001989147,0
102700,0.466738663999422,0.008087990998319583,0
102800,0.4944304700002249,0.007930887997645186,0
102900,0.49162620899733156,0.007985389001987642,0
103000,0.49026551200222457,0.008347432001755806,0
103100,0.4401064490011777,0.007922871998744085,0
103200,0.4942803170015395,0.008436855001491494,0
103300,0.4978901370013773,0.00838872000167612,0
103400,0.5238610399974277,0.007986684002389666,0
103500,0.4641551749991777,0.007810475999576738,0
103600,0.5240247799993085,0.007898487001511967,0
103700,0.468198336999194,0.007874118000472663,0
103800,0.5043560869999055,0.008046013997955015,0
103900,0.4582529010003782,0.007812813997588819,0
104000,0.5099584009985847,0.008459681001113495,0
104100,0.4839264699985506,0.008027890999073861,0
104200,0.4375787409990153,0.00798054999904707,0
104300,0.47959118699873216,0.008905383001547307,0
104400,0.5297258680002415,0.008179344000382116,0
104500,0.5069498530028795,0.00784518799991929,0
104600,0.45545885899991845,0.007932110002002446,0
104700,0.48872979800216854,0.007872660000430187,0
104800,0.5180658930003119,0.008051841999986209,0
104900,0.50934376800069,0.0081856010001502,0
105000,0.4545996289998584,0.007697583001572639,0
105100,0.4987094440002693,0.007773580997309182,0
105200,0.4978438409998489,0.007882787998823915,0
105300,0.5005679249989043,0.008421972001087852,0
105400,0.4816593030009244,0.008129033998557134,0
105500,0.5075197869991825,0.00844250199952512,0
105600,0.5197713820016361,0.008311159999720985,0
105700,0.47122624199982965,0.00788598300277954,0
105800,0.46012346600036835,0.007834243999241153,0
105900,0.4998969939988456,0.008018222997634439,0
106000,0.4833035550000204,0.007857492000766797,0
106100,0.43653467100011767,0.007737383999483427,0
106200,0.47182766599871684,0.008330884997121757,0
106300,0.4999159039980441,0.00840458500169916,0
106400,0.5222632859986334,0.008237409998400835,0
106500,0.49642834100086475,0.008675467001012294,0
106600,0.5563541629999236,0.008040002001507673,0
106700,0.5125190389990166,0.008016550000320422,0
106800,0.45989735900002415,0.00783158999911393,0
106900,0.4639794089998759,0.008285020998300752,0
107000,0.5498990070009313,0.00800823300232878,0
107100,0.5234256550029386,0.008165846000338206,0
107200,0.5016504179984622,0.008152200000040466,0
107300,0.49377783599993563,0.008166531002643751,0
107400,0.5285678709988133,0.008204461002605967,0
107500,0.5136763030022848,0.008255840999481734,0
107600,0.43918081800075015,0.008188650997908553,0
107700,0.4681998870000825,0.007902370001829695,0
107800,0.5682980159981526,0.008759485001064604,0
107900,0.48669461499957833,0.00788130200089654,0
108000,0.43290576200161013,0.007881219000410056,0
108100,0.4715400259992748,0.00779082900044159,0
108200,0.5007305370018003,0.008033665002585622,0
108300,0.5324460480005655,0.00793031800276367,0
108400,0.4454357920003531,0.008242911000706954,0
108500,0.49007056900154566,0.008359562001714949,0
108600,0.5027829249993374,0.007973728999786545,0
108700,0.46657327999855625,0.008047903000260703,0
108800,0.44251899299706565,0.007762016997730825,0
108900,0.49890283700005966,0.008000921003258554,0
109000,0.5061740400014969,0.00797049199900357,0
109100,0.46914518300036434,0.008454500002699206,0
109200,0.44155448699893896,0.00820480100082932,0
109300,0.5157253649995255,0.008614895999926375,0
109400,0.5016202810002142,0.007832136998331407,0
109500,0.4437865689978935,0.007785429999785265,0
109600,0.4795662979995541,0.007609489999595098,0
109700,0.5021165799989831,0.007832933999452507,0
109800,0.48734778099969844,0.0079921730030037,0
109900,0.4402418889985711,0.008715255000424804,0
110000,0.48376995400030864,0.007763080997392535,0
110100,0.48631487699822173,0.00786140600030194,0
110200,0.49821823599995696,0.007841293998353649,0
110300,0.4457342179994157,0.008448911998129915,0
110400,0.5181425670016324,0.008168242002284387,0
110500,0.49025356299898704,0.00807342299958691,0
110600,0.5127847010007827,0.007730037999863271,0
110700,0.441618376000406,0.007589348999317735,0
110800,0.49409319299957133,0.007895571998233208,0
110900,0.48975122600313625,0.00787807199958479,0
111000,0.4673342550013331,0.007964514999912353,0
111100,0.4383329900010722,0.008117839999613352,0
111200,0.5157431629995699,0.008280557001853595,0
111300,0.49043407700082753,0.007946339999762131,0
111400,0.5077255889991648,0.00821466300112661,0
111500,0.4955815020002774,0.00827416600077413,0
111600,0.5393342360002862,0.008504188001097646,0
111700,0.5396011119992181,0.00821405699753086,0
111800,0.49457255500237807,0.008183493999240454,0
111900,0.5011098499999207,0.00803161700241617,0
112000,0.5170781180022459,0.008442938997177407,0
112100,0.5175395460028085,0.00790326900096261,0
112200,0.46495015600157785,0.007844734001992038,0
112300,0.509979354999814,0.008256072000222048,0
112400,0.4829416089996812,0.00909635999778402,0
112500,0.4602082640012668,0.008425121999607654,0
112600,0.4738283370024874,0.007948022997879889,0
112700,0.513954129000922,0.007937176000268664,0
112800,0.49958529799914686,0.008007688000361668,0
112900,0.43256208800085005,0.007772696000756696,0
113000,0.4547861920000287,0.008495761001540814,0
113100,0.49848838800244266,0.007794772001943784,0
113200,0.5263254780002171,0.007867930999054806,0
113300,0.4289134370010288,0.007818942998710554,0
113400,0.4753579489988624,0.007663524000236066,0
113500,0.5033367020005244,0.00843650000024354,0
113600,0.5392794079998566,0.009548972997436067,0
113700,0.43840503899991745,0.007741434998024488,0
113800,0.47708647300169105,0.007849564000935061,0
113900,0.4860561880013847,0.00863162200039369,0
114000,0.5170630639986484,0.008262078001280315,0
114100,0.44056957099746796,0.008294306000607321,0
114200,0.5067441049977788,0.00911173299755319,0
114300,0.4950777849990118,0.008447079002507962,0
114400,0.48007582900027046,0.008080673000222305,0
114500,0.4520876839997072,0.007847169999877224,0
114600,0.5068183059993316,0.009522585998638533,0
114700,0.48421868999867,0.008594456998253008,0
114800,0.49446281399650616,0.00845591899997089,0
114900,0.5008439650009677,0.008454800001345575,0
115000,0.5507912059983937,0.00803734199871542,0
115100,0.5036165909987176,0.008364245000848314,0
115200,0.5036040970007889,0.008759566000662744,0
115300,0.5029534229979618,0.0084484609978972,0
115400,0.7698154530007741,0.008082272001047386,0
115500,0.48391181500119274,0.010793722998641897,0
115600,0.4507011209971097,0.007995467000000644,0
115700,0.49965607300327974,0.00810378299865988,0
115800,0.5304625890021271,0.00802889300030074,0
115900,0.5313628270014306,0.007958727001096122,0
116000,0.4417970629983756,0.008099062000837876,0
116100,0.48915299700092874,0.007913110999652417,0
116200,0.5077818640020269,0.008369830997253302,0
116300,0.48538514699976076,0.007855802999984007,0
116400,0.439823704000446,0.007819522001227597,0
116500,0.5433915209978295,0.008204813999327598,0
116600,0.4926448869991873,0.007933860000775894,0
116700,0.48423066200120957,0.007921107000584016,0
116800,0.4513615010000649,0.008246905003034044,0
116900,0.5217110550001962,0.007924924000690226,0
117000,0.511941990997002,0.008340644999407232,0
117100,0.440417965000961,0.008164984999893932,0
117200,0.4676739679998718,0.00815857599809533,0
117300,0.536670473000413,0.007837922999897273,0
117400,0.4949890250027238,0.008118136996927205,0
117500,0.45430603600107133,0.0084531850006897,0
117600,0.4867948970022553,0.007899182000983274,0
117700,0.5202873970010842,0.008734970000659814,0
117800,0.4784400120006467,0.008229170998674817,0
117900,0.4495858410009532,0.008141235997754848,0
118000,0.5055316910002148,0.007932769996841671,0
118100,0.5113230310016661,0.008337182996910997,0
118200,0.45443624799736426,0.007960499999171589,0
118300,0.46973965399956796,0.007919097999547375,0
118400,0.4901947049984301,0.008043810998060508,0
118500,0.5229345519983326,0.008059683997998945,0
118600,0.4762045909992594,0.007709101999353152,0
118700,0.47032725399913033,0.008898921998479636,0
118800,0.5105499740020605,0.00783871800013003,0
118900,0.4928235669976857,0.00797977199908928,0
119000,0.4500405699982366,0.008081079002295155,0
119100,0.46428433999972185,0.00782611800241284,0
119200,0.5247000140007003,0.008048487001360627,0
119300,0.4945337640019716,0.008153728998877341,0
119400,0.45573390500067035,0.007955680001032306,0
119500,0.4829535529970599,0.007746746003249427,0
119600,0.5363192959994194,0.00863803000174812,0
119700,0.48734095599866123,0.00814806500056875,0
119800,0.4390364370010502,0.007850834997952916,0
119900,0.4892094710012316,0.00790291099838214,0
120000,0.49256710700137774,0.00804594100191025,0
120100,0.5097607390016492,0.007920513999124523,0
120200,0.4412678570006392,0.007923015997221228,0
120300,0.521424983999168,0.009538530997815542,0
120400,0.5015557740007353,0.007871413003158523,0
120500,0.4899065539975709,0.008191313001589151,0
120600,0.468354166001518,0.008042107998335268,0
120700,0.5271234959982394,0.007824688000255264,0
120800,0.4975445319978462,0.008054869998886716,0
120900,0.47454561699851183,0.008293398001114838,0
121000,0.48029101800057106,0.007906664999609347,0
121100,0.5124729140006821,0.008130119000270497,0
121200,0.522924091997993,0.0083818529965356,0
121300,0.46393225400242954,0.008015060997422552,0
121400,0.4867691589970491,0.008232019001297886,0
121500,0.5010044800001197,0.008895224000298185,0
121600,0.49983062599858386,0.007960344999446534,0
121700,0.4514422680003918,0.008090919996902812,0
121800,0.5019565180009522,0.008162755002558697,0
121900,0.5188645839989476,0.007897196999692824,0
122000,0.4912860320000618,0.007880496999860043,0
122100,0.43960125299781794,0.00807626199821243,0
122200,0.5103291089981212,0.008097844001895282,0
122300,0.5427198260003934,0.00809784199736896,0
122400,0.44140282399894204,0.008143196999299107,0
122500,0.44581998600187944,0.007988716999534518,0
122600,0.5397549950030225,0.007924830002593808,0
122700,0.5004265720017429,0.007930588999442989,0
122800,0.4956421290007711,0.00817899699904956,0
122900,0.4684666159992048,0.007803005999448942,0
123000,0.5127491640014341,0.007970168000611011,0
123100,0.4904894399987825,0.008045774000493111,0
123200,0.4522143419999338,0.007785213998431573,0
123300,0.520407811000041,0.008476896000502165,0
123400,0.5592075879976619,0.00827778199891327,0
123500,0.5595765680009208,0.00837941099962336,0
123600,0.4862004019996675,0.007902885001385584,0
123700,0.5433604440004274,0.008645519003039226,0
123800,0.5312467459989421,0.008495754998875782,0
123900,0.5174257590006164,0.008460141998511972,0
124000,0.4813884150025842,0.007667038997169584,0
124100,0.5925730580020172,0.008421705999353435,0
124200,0.5558426079987839,0.009006429998407839,0
124300,0.49406486700172536,0.010078850002173567,0
124400,0.48727506900104345,0.008200549000321189,0
124500,0.5210274489982112,0.008589649998612003,0
124600,0.4807321949992911,0.00794122500155936,0
124700,0.5138761250018433,0.00830922499881126,0
124800,0.4897862810030347,0.008130321999487933,0
124900,0.5011109350016341,0.008632598000986036,0
125000,0.5506894579993968,0.008090735002042493,0
125100,0.4699221699993359,0.007929817998956423,0
125200,0.5061707660024695,0.007904377998784184,0
125300,0.49630563399841776,0.008171756999217905,0
125400,0.4796278479989269,0.008369569000933552,0
125500,0.4438999310004874,0.008319132997712586,0
125600,0.4913896649995877,0.008275943000626285,0
125700,0.5213154250013758,0.007984449999639764,0
125800,0.4995677759980026,0.008540699000150198,0
125900,0.44211069000084535,0.007950492999952985,0
126000,0.5072096670010069,0.008153220001986483,0
126100,0.4978296799999953,0.008246579000115162,0
126200,0.5166720199995325,0.008441654001217103,0
126300,0.44644718500057934,0.007931355998152867,0
126400,0.5169637290018727,0.00861793299918645,0
126500,0.5409101500008546,0.00838005899640848,0
126600,0.4859081319991674,0.007952555002702866,0
126700,0.4639269459985371,0.007820845999958692,0
126800,0.508693444000528,0.009022560996527318,0
126900,0.5279575080021459,0.008145744002831634,0
127000,0.44214860099964426,0.00809704100174713,0
127100,0.47923589299898595,0.008043206998991081,0
127200,0.5345639150000352,0.008053951001784299,0
127300,0.47252535500228987,0.007959226000821218,0
127400,0.45200022300195997,0.008303501999762375,0
127500,0.4968984859988268,0.008223405002354411,0
127600,0.5174137449976115,0.009212329998263158,0
127700,0.470236859000579,0.008251783001469448,0
127800,0.4604145220000646,0.007847249999031192,0
127900,0.5129793129999598,0.007970738002768485,0
128000,0.5400165999999444,0.00779561899980763,0
128100,0.4540664159976586,0.007927652000944363,0
128200,0.49000012800024706,0.00899443100206554,0
128300,0.5314936459981254,0.008171519999450538,0
128400,0.5509153500024695,0.007871834000980016,0
128500,0.45383709100133274,0.008061979999183677,0
128600,0.46781322700189776,0.007967916000779951,0
128700,0.5047888359986246,0.007896544000686845,0
128800,0.4967782570020063,0.008251465002103942,0
128900,0.49299107999831904,0.00847647800037521,0
129000,0.4862119069985056,0.007946016998175764,0
129100,0.5025947920003091,0.008116738001263002,0
129200,0.5008067380003922,0.007948521000798792,0
129300,0.4619954410009086,0.007918766998045612,0
129400,0.48711179699967033,0.008425385000009555,0
129500,0.5028126899997005,0.007892377001553541,0
129600,0.5179885399993509,0.008182363002561033,0
129700,0.46639001199946506,0.00833212300130981,0
129800,0.5088118220010074,0.008124234002025332,0
129900,0.50630602900128,0.007780019001074834,0
130000,0.4741534499989939,0.008157647000189172,0
130100,0.4681833819995518,0.00794517100075609,0
130200,0.5302959590007958,0.008193543999368558,0
130300,0.486435145001451,0.008060367003054125,0
130400,0.5043922750010097,0.008585969000705518,0
130500,0.4827758030005498,0.009491287997661857,0
130600,0.5002589510004327,0.008276859996840358,0
130700,0.4940597690001596,0.008198984000046039,0
130800,0.4803046490014822,0.0080557930014038,0
130900,0.4877663080005732,0.007889095002610702,0
131000,0.5041814290016191,0.007925953999802005,0
131100,0.5350463089998811,0.007958284000778804,0
131200,0.4739452709982288,0.008323087000462692,0
131300,0.5125305239998852,0.00838975499937078,0
131400,0.4971342499993625,0.008225224002671894,0
131500,0.5244833329998073,0.007881826997618191,0
131600,0.49935958000060054,0.007975735003128648,0
131700,0.5034846889975597,0.007952553001814522,0
131800,0.5095658749996801,0.007824447999155382,0
131900,0.48828684099862585,0.008118253001157427,0
132000,0.4412185990004218,0.008270528000139166,0
132100,0.5087495490006404,0.007941766998555977,0
132200,0.5175534020017949,0.007965282999066403,0
132300,0.4388123619974067,0.008304164999572095,0
132400,0.4831461159992614,0.008146347998263082,0
132500,0.5178850140000577,0.007878373999119503,0
132600,0.5343272880018048,0.008171151999704307,0
132700,0.43981536999854143,0.007871231999160955,0
132800,0.46555057799923816,0.008121864997519879,0
132900,0.5147178990009706,0.008023685000807745,0
133000,0.5302430469964747,0.008286013999168063,0
133100,0.4388929779997852,0.008353191002242966,0
133200,0.49824162400182104,0.008235621000494575,0
133300,0.5070457930014527,0.007861213001888245,0
133400,0.4786120880016824,0.008590870998887112,0
133500,0.44394857400038745,0.008307168001920218,0
133600,0.4993513930021436,0.00789313899804256,0
133700,0.48533693100034725,0.007894883001426933,0
133800,0.48039723799956846,0.00809202099844697,0
133900,0.47379614199962816,0.008018900000024587,0
134000,0.5200721520013758,0.00817864000055124,0
134100,0.5362424859995372,0.007966037002915982,0
134200,0.46551216700027,0.008790527997916797,0
134300,0.4827310569999099,0.007888562999141868,0
134400,0.5173775760013086,0.00892069999827072,0
134500,0.5091768969978148,0.008354141002200777,0
134600,0.4492453079983534,0.008626806000393117,0
134700,0.4861500229999365,0.008425905998592498,0
134800,0.49902385500172386,0.009000951999041717,0
134900,0.505651190997014,0.0083251760006533,0
135000,0.44255913899905863,0.008582012000260875,0
135100,0.5072726359976514,0.007906884999101749,0
135200,0.499520624998695,0.008894949998648372,0
135300,0.4950915020017419,0.008164189999661176,0
135400,0.4710932549969584,0.0077986760006751865,0
135500,0.5015451550025318,0.007975296000950038,0
135600,0.5010775139999168,0.008294639999803621,0
135700,0.47925178699733806,0.00794875900101033,0
135800,0.4623663710008259,0.007920969001133926,0
135900,0.5135295100008079,0.00799225799710257,0
136000,0.5104809959993872,0.00855025200144155,0
136100,0.4620301799986919,0.008286316999146948,0
136200,0.49160307300189743,0.007956263001688058,0
136300,0.5264289190017735,0.009645284000725951,0
136400,0.5079129469995678,0.008204345998819917,0
136500,0.45195166600024095,0.008058617000642698,0
136600,0.49815569799829973,0.00852822800152353,0
136700,0.5237700780016894,0.008128404999297345,0
136800,0.49050830399937695,0.008183969999663532,0
136900,0.45028410899976734,0.008145405001414474,0
137000,0.4785165199973562,0.008376291996682994,0
137100,0.5115412110026227,0.008166364998032805,0
137200,0.49507402000017464,0.008261833001597552,0
137300,0.45036166699719615,0.008038870997552294,0
137400,0.510946406997391,0.008534051998140058,0
137500,0.5238941940006043,0.008302787999127759,0
137600,0.48425518500152975,0.008513869001035346,0
137700,0.4588492340008088,0.008023392001632601,0
137800,0.5047119329974521,0.008629921998362988,0
137900,0.5008738359974814,0.007800372997735394,0
138000,0.547533470999042,0.008269345998996869,0
138100,0.4756889439995575,0.008037424999201903,0
138200,0.5245041279995348,0.008510939002007945,0
138300,0.49473531100011314,0.00850281599923619,0
138400,0.4636578149984416,0.008441368001513183,0
138500,0.47107066700118594,0.008100557999568991,0
138600,0.521718164000049,0.00798229599968181,0
138700,0.47607653699742514,0.008111687999189598,0
138800,0.4417920560008497,0.010591723999823444,0
138900,0.47863882900128374,0.008022196998354048,0
139000,0.4997220559998823,0.008771073000389151,0
139100,0.4817244149999169,0.007980973001394887,0
139200,0.4614269109988527,0.007969725000293693,0
139300,0.5121748400015349,0.007986904001882067,0
139400,0.5270080890004465,0.008317599997099023,0
139500,0.4461870969971642,0.008012706999579677,0
139600,0.4424158110014105,0.00840371600133949,0
139700,0.5377492010011338,0.007946140998683404,0
139800,0.5042195620007988,0.008207710001443047,0
139900,0.4769331930001499,0.008265520002169069,0
140000,0.4673492790025193,0.008085771998594282,0
140100,0.5160115760008921,0.008097080000879942,0
140200,0.5443749149999348,0.007994433002750156,0
140300,0.4429090840021672,0.008164595001289854,0
140400,0.4879582590001519,0.008015568000701023,0
140500,0.5055281409986492,0.008209554998757085,0
140600,0.4839279940024426,0.008406657001614803,0
140700,0.45880141200177604,0.00861018500290811,0
140800,0.5055779499998607,0.008284478997666156,0
140900,0.5035497970020515,0.00827056299749529,0
141000,0.48014152200266835,0.00799420999828726,0
141100,0.4458722250019491,0.007905258000391768,0
141200,0.5418276279997372,0.00800584199896548,0
141300,0.5146760530005849,0.008133425999403698,0
141400,0.46274597000228823,0.00793173899728572,0
141500,0.45504697900105384,0.008115603999613086,0
141600,0.5222367440001108,0.00831109600039781,0
141700,0.5364974350013654,0.007984353000210831,0
141800,0.461008688002039,0.007991247999598272,0
141900,0.4669266790006077,0.007765817001200048,0
142000,0.5102845190012886,0.008079617000475992,0
142100,0.5375819009968836,0.008433245002379408,0
142200,0.48578587700103526,0.008149695000611246,0
142300,0.484932805000426,0.00787210800262983,0
142400,0.5206875629992282,0.008296455001982395,0
142500,0.4965583900011552,0.008178201998816803,0
142600,0.4617554469987226,0.00825307199920644,0
142700,0.49306596600217745,0.008273878000181867,0
142800,0.5213200969992613,0.008253943997260649,0
142900,0.49746826300179237,0.008358019000297645,0
143000,0.46212228600052185,0.007751646000542678,0
143100,0.5158264839992626,0.008396117002121173,0
143200,0.5243997629986552,0.007865835999837145,0
143300,0.47501052699954016,0.00807978800003184,0
143400,0.4877983599981235,0.008343729998159688,0
143500,0.5220389360001718,0.00840681699992274,0
143600,0.495199673998286,0.008064117999310838,0
143700,0.4560431169993535,0.008100609000393888,0
143800,0.4845719979966816,0.00855793400114635,0
143900,0.49016924600073253,0.007989615998667432,0
144000,0.5064244819986925,0.008061915999860503,0
144100,0.45345247400109656,0.008173630998498993,0
144200,0.5346663150012319,0.007846711996535305,0
144300,0.5001028320002661,0.008090744999208255,0
144400,0.5495368070005497,0.008211934997234493,0
144500,0.4683470030031458,0.008218728999054292,0
144600,0.5222325200011255,0.008371299001737498,0
144700,0.5036129850013822,0.008541569000954041,0
144800,0.47895381699709105,0.008295124996948289,0
144900,0.4370185810003022,0.00819930000216118,0
145000,0.5114889760006918,0.008500612999341683,0
145100,0.5256404800020391,0.008774817000812618,0
145200,0.45393044099910185,0.007871456000430044,0
145300,0.43791695900290506,0.008041328001127113,0
145400,0.5342159989995707,0.008197607003239682,0
145500,0.4974447080021491,0.008402206000027945,0
145600,0.46275682999839773,0.008133489998726873,0
145700,0.4638455040003464,0.008154808998369845,0
145800,0.5283851359999971,0.008115849999740021,0
145900,0.47780757999862544,0.008043451001867652,0
146000,0.4538375990014174,0.00833749500088743,0
146100,0.47558970199679607,0.00832645399714238,0
146200,0.535508591998223,0.008366941001440864,0
146300,0.4671641429995361,0.008130958998663118,0
146400,0.46513687900005607,0.008286676998977782,0
146500,0.4772181730004377,0.008642349999718135,0
146600,0.5242220170002838,0.008452894999209093,0
146700,0.47952799899940146,0.008255369000835344,0
146800,0.4585961099983251,0.008332195000548381,0
146900,0.518824582999514,0.008259800997620914,0
147000,0.507502709999244,0.009490749998803949,0
147100,0.5179903529970034,0.009080487001483561,0
147200,0.4740782789995137,0.009116638997511473,0
147300,0.498988103998272,0.008247892998042516,0
147400,0.5272482100008347,0.008446874002402183,0
147500,0.4523059170023771,0.008115139000437921,0
147600,0.48346554300223943,0.008522855998307932,0
147700,0.5031215779999911,0.00897193399941898,0
147800,0.5033388419979019,0.008566750002501067,0
147900,0.4940037209998991,0.009041837001859676,0
148000,0.4937561619990447,0.008321545999933733,0
148100,0.5127051449999271,0.008727507996809436,0
148200,0.5129666400025599,0.008316153998748632,0
148300,0.4422954680012481,0.008175401999324095,0
148400,0.5176369340006204,0.008425146002991823,0
148500,0.5153232459997525,0.008533838998118881,0
148600,0.5187989070000185,0.00823587099876022,0
148700,0.44509459099936066,0.008200322001357563,0
148800,0.5382998319983017,0.00847800500196172,0
148900,0.4794868969984236,0.008984074000181863,0
149000,0.5159090519991878,0.008274383002571994,0
149100,0.46642667800188065,0.0086576680005237,0
149200,0.5433961929993529,0.008378701000765432,0
149300,0.5318488939992676,0.00924712800042471,0
149400,0.5157510509998247,0.00861431099838228,0
149500,0.4719889839980169,0.008546438999474049,0
149600,0.5332102680004027,0.008303216996864649,0
149700,0.5366621360008139,0.008428313001786591,0
149800,0.4542134450020967,0.008033692000026349,0
149900,0.47319407499890076,0.008242616000643466,0
150000,0.5041968879995693,0.009045419999893056,0
